{"cameraMode":{"drawMode":0,"name":"Shaded","section":"Shading Mode"},"sceneLighting":true,"audioPlay":false,"sceneViewState":{"m_AlwaysRefresh":false,"showFog":true,"showSkybox":true,"showFlares":true,"showImageEffects":true,"showParticleSystems":true,"showVisualEffectGraphs":true,"m_FxEnabled":true},"in2DMode":false,"pivot":{"x":1923.219970703125,"y":181.4654541015625,"z":1088.7313232421875},"rotation":{"x":0.08485560119152069,"y":-0.40463849902153017,"z":0.03773348405957222,"w":0.9097540974617004},"size":3.768789529800415,"orthographic":false}