{"cameraMode":{"drawMode":0,"name":"Shaded","section":"Shading Mode"},"sceneLighting":true,"audioPlay":false,"sceneViewState":{"m_AlwaysRefresh":false,"showFog":true,"showSkybox":true,"showFlares":true,"showImageEffects":true,"showParticleSystems":true,"showVisualEffectGraphs":true,"m_FxEnabled":true},"in2DMode":false,"pivot":{"x":1928.3883056640625,"y":180.57398986816407,"z":1102.901123046875},"rotation":{"x":0.0028900988399982454,"y":0.26815950870513918,"z":-0.0008027442381717265,"w":0.9633791446685791},"size":10.561774253845215,"orthographic":false}